objectid,filename,title,category,ingredients,time,description,source,source_link,recipe,notes,format,type,identifier
dinner001,https://gittaskitchen.com/wp-content/uploads/2020/09/Top-view-hero-.jpg,Orzo Caprese Salad,salad; side; indian; pasta,feta; bocconcini; orzo; basil; cherry tomatoes,,,"Mandy's cookbook, adapted",,,,image/jpeg,Image;StillImage,
dinner002,https://www.indianveggiedelight.com/wp-content/uploads/2017/10/palak-paneer-recipe-featured.jpg,Palak Paneer,vegetable; side,paneer; spinach; tomatoes,,,,,,,image/jpeg,Image;StillImage,
dinner003,https://images.squarespace-cdn.com/content/v1/541b1515e4b0a990b33a796e/1611424600467-25E0FP1BXLRKCYR66HNC/alison-roman-spiced-chickpea-stew-with-coconut-and-turmeric.jpg,"Chickpea, Coconut, & Turmeric stew",stew; soup,chickpeas; coconut milk; greens,,,Alison Roman,https://www.alisoneroman.com/recipes/spiced-chickpea-stew-with-coconut-and-turmeric,,,image/jpeg,Image;StillImage,
dinner004,https://thewoksoflife.com/wp-content/uploads/2017/08/soondubu-jigae-7.jpg,Soon Tofu,stew; soup; korean; asian,"kimchi; pork, tofu, egg",,,Woks of life,https://thewoksoflife.com/soondubu-jigae-korean-tofu-stew/,,,image/jpeg,Image;StillImage,
dinner005,https://plantbasedonabudget.com/wp-content/uploads/2023/01/87-Tofu-Scramble-Plant-Based-on-a-Budget-8.jpg,Scrambled Tofu,breakfast; lunch; on toast,tofu; vegetables,,,,,,,image/jpeg,Image;StillImage,
dinner006,https://i2.wp.com/www.downshiftology.com/wp-content/uploads/2023/12/Shakshuka-3-2.jpg,Shakshuka,breakfast; lunch; on toast,tomatoes; eggs; peppers; harissa,,,,,,,image/jpeg,Image;StillImage,
dinner007,https://www.chelseasmessyapron.com/wp-content/uploads/2019/01/Vegetarian-Chili-1.jpg,Veggie Chili,stew,beans; tomatoes; peppers; tex-mex,,,The Food Lab,,,,image/jpeg,Image;StillImage,
dinner008,https://georgiagirlkitchen.com/wp-content/uploads/2019/09/tunaavocadotartare.jpg,Tuna Tartare,snack; appetizer,tuna; avocado,,,,https://choosingchia.com/tuna-tartare-sesame-ginger-sauce/,,,image/jpeg,Image;StillImage,
dinner009,https://jp.foundation/wp-content/uploads/2021/01/jp-tomatoes-provencal.jpg,Tomates Provencal,snack; appetizer; vegetable; side,tomatoes; bread crums; parsley,,,Tiktok / La Cuisine de Geraldine,https://lacuisinedegeraldine.fr/tomates-a-la-provencale,,,image/jpeg,Image;StillImage,
dinner010,https://arcisfoodblog.com/wp-content/uploads/2018/10/fullsizeoutput_506c.jpeg,Cauliflower Cheese,vegetable; side,cauliflower; cheese; cream; mustard,,,Simple - Ottolenghi,,,,image/jpeg,Image;StillImage,
dinner011,https://thehappyfoodie.co.uk/wp-content/uploads/2021/08/ottolenghi-roasted-carrots-4458d8bd-3b06-44cc-b9e5-90dab0635a9b_s900x0_c4908x2868_l0x3321.jpg,Roasted Harissa Carrots,vegetable; side,carrots; harissa; pistachios; honey; cumin; cilantro,,,Simple - Ottolenghi,,,,image/jpeg,Image;StillImage,
dinner012,https://thehappyfoodie.co.uk/wp-content/uploads/2021/08/yotam-ottolenghi-puy-lentil-stew-03c6bf9f-0af9-4cb4-91ee-132b01b44886_s900x0_c2740x1600_l0x1375.jpg,"Puy Lentil, Eggplant, and Tomato Stew",vegetable; stew; on rice,puy lentils; yogurt; cherry tomatoes; eggplant,,,Simple - Ottolenghi,,,,image/jpeg,Image;StillImage,
dinner013,https://static01.nyt.com/images/2022/06/22/dining/21beginner-rex2/merlin_208168452_ef0bfb9e-7026-4e48-ad70-b64d84205197-master768.jpg,Struggle Tuna,fish; lunch; on rice; asian,canned tuna; kewpie mayo; cucumber; broccoli,,,NYT Recipes,https://cooking.nytimes.com/recipes/1023224-tuna-mayo-rice-bowl,,,image/jpeg,Image;StillImage,
dinner014,https://omnivorescookbook.com/wp-content/uploads/2017/04/2002_Dan-Dan-Noodles_001.jpg,Chinese Spaghetti,asian; noodles,bok choy; spaghetti; chili sauce; sesame paste,,,My Name is Andong; Every Grain of Rice - Dunlop,https://www.youtube.com/watch?v=fmYmlolz6M8,,,image/jpeg,Image;StillImage,
dinner015,https://www.seriouseats.com/thmb/skp20BqJyOVbK3gIyyi_nvQ1rNg=/1500x0/filters:no_upscale():max_bytes(150000):strip_icc():format(webp)/__opt__aboutcom__coeus__resources__content_migration__serious_eats__seriouseats.com__recipes__images__2013__11__20131106-272126-cook-the-book-green-curry-fish-balls-eggplant-d389f546641c40689175bf798e3b63d1.jpg,Thai Curry,stew; asian; thai,eggplant; thai basil; tofu; fish balls; thai curry paste; coconut milk; fish sauce,,,Pok Pok,,,,image/jpeg,Image;StillImage,
dinner016,https://seaofblush.com/wp-content/uploads/feta-pasta.jpg,Tiktok Pasta,pasta,feta; cherry tomatoes; basil,,,Tiktok,,,,image/jpeg,Image;StillImage,
dinner017,https://assets.bonappetit.com/photos/5ea5f4c79820ff0008fe7225/1:1/w_2560%2Cc_limit/HLY-carbonara-16x9.jpg,Carbonara,pasta,eggs; spaghetti; parmesan cheese,,,,,,,image/jpeg,Image;StillImage,
dinner018,https://canadashop.momofuku.com/cdn/shop/articles/web_Ginger_Scallion_Noodles_5_AJB_1024x1024.jpg,"Ginger Scallion, Pickled Veggie, and Egg Noodles",asian; noodles,ramen noodles; cucumber; carrots; ginger; green onions; hoisin sauce,,,"Momofuku, adapted",https://themanhattanfoodproject.wordpress.com/2011/12/23/david-changs-ginger-scallion-sauce/,,,image/jpeg,Image;StillImage,
dinner019,"https://assets.bonappetit.com/photos/57acb25c53e63daf11a4d96a/16:9/w_1280,c_limit/creamy-tomato-soup.jpg",Tomato Soup + Grill Cheese,soup; sandwich,canned tomatoes; basil; heavy cream,,,Serious Eats,,,,image/jpeg,Image;StillImage,
dinner020,https://divascancook.com/wp-content/uploads/2009/12/southern-baked-macaroni-and-cheese-1.jpg,Mac n Cheese,pasta,pasta; cheese; heavy cream; milk,,,,,,,image/jpeg,Image;StillImage,
dinner021,https://reciperunner.com/wp-content/uploads/2022/04/salmon-roll-sushi-bowls-4.jpg,Sushi Bowl,asian; japanese,raw tuna; sushi rice; nori; cucumber,,,,,,,image/jpeg,Image;StillImage,
dinner022,https://cookieandkate.com/images/2020/04/black-bean-tacos-recipe-2.jpg,Tacos,tex-mex,,,,,,,,image/jpeg,Image;StillImage,
dinner023,https://static01.nyt.com/images/2023/08/24/multimedia/24Shrimp-hmjf/24Shrimp-hmjf-mediumThreeByTwo440.jpg,Kimchi Tomato Shrimp,on rice; asian,kimchi; butter; shrimp; cherry tomatoes,,,That Sounds So Good - Carla Lali,,,,image/jpeg,Image;StillImage,
dinner024,https://therealfooddietitians.com/wp-content/uploads/2021/06/Vegetarian-Gyros-6-683x1024.jpg,Gayros,sandwiches,pita; tomatoes; mock meat; feta; onions; dill; yogurt,,,,,,,image/jpeg,Image;StillImage,
dinner025,https://www.recipetineats.com/tachyon/2019/05/Bibimbap_3.jpg,Bibimbap,korean; asian; on rice,eggs; rice; carrots; tofu; kimchi; mushrooms; zucchini; gochujang; sesame oil,,,,,,,image/jpeg,Image;StillImage,
dinner026,https://farm1.staticflickr.com/626/20636547913_c65e7a26d5_b.jpg,Pad Thai,thai; asian; noodles,rice noodles; tofu; shrimp; fish sauce; garlic chives; bean sprouts; tamarind,,,"Pok Pok, adapted",,,,image/jpeg,Image;StillImage,
dinner027,https://images.immediate.co.uk/production/volatile/sites/30/2021/03/Pasta-Alla-Norma-f189a02.jpg,Pasta Alla Norma,pasta,spaghetti; pasta; eggplant; canned tomatoes,,,Simple - Ottolenghi,,,,image/jpeg,Image;StillImage,
dinner028,https://littlespicejar.com/wp-content/uploads/2021/09/Spaghetti-Puttanesca-14.jpg,Pasta Puttanesca,pasta,canned tuna; spaghetti; canned tomatoes; parsley,,,The Food Lab,,,,image/jpeg,Image;StillImage,
dinner029,https://static1.squarespace.com/static/5a7783d949fc2bc37b42bffe/5a7787c28165f51a34468690/5e95e867dff73c4863297c6b/1593144030162/lambmeatballsheader.jpg,Lamb and Feta Meatballs,meat,ground lamb; mint; feta; breadcrumbs,,,Simple - Ottolenghi,,,,image/jpeg,Image;StillImage,
dinner030,https://paleoleap.com/wp-content/uploads/2018/02/slow-cooker-morrocan-lamb-stew-recipe.jpg,Lamb Stew,stew; meat,ground lamb; carrots,,,Helen Rennie,https://youtu.be/qjC_E4nF7Bk?si=LTHAhLi3eScytMrP,,,image/jpeg,Image;StillImage,
dinner031,https://jonoandjules.com/wp-content/uploads/2021/02/harissa-chickpeas-with-flaked-cod.jpeg,Chickpeas and Cod with Preserved Lemon and Harissa,fish,cod; chickpeas; preserved lemon,,,Simple - Ottolenghi,,,,image/jpeg,Image;StillImage,
dinner032,https://www.177milkstreet.com/assets/site/Recipes/_large/Brazilian-Fish-Stew-Moqueca.jpg,Brazilian Cod and Coconut Stew,stew; fish,cod; coconut milk; clam juice; bell peppers; canned tomatoes; lime; hearts of palm,,,Milk Street: The New Rules,,,,image/jpeg,Image;StillImage,
dinner033,https://thefoodietakesflight.com/wp-content/uploads/2022/12/Shredded-Tofu-Bulgogi-Bowl-7-of-8-683x1024.jpg,Shredded Tofu Bulgogi Bowl,korean; asian; on rice,tofu; gochujang; sesame oil,,,The Foodie Takes Flight,https://thefoodietakesflight.com/shredded-tofu-bulgogi/,,,image/jpeg,Image;StillImage,
dinner034,https://www.happyheartedkitchen.com/wp-content/uploads/2017/05/spring-panzanella-salad-2.jpg,"Spring Panzanella with Asparagus, Feta + Mint",salad; vegetable; side,asparagus; bread; red onions; feta; mint,,,"Salt, Fat, Acid, Heat - Nosrat",,,,image/jpeg,Image;StillImage,
dinner035,https://www.diasporaco.com/cdn/shop/articles/Diaspora_Co_Samin_Nosrat_Persian_Ish_Rice_3088x2059-min.jpg?,Persian-ish Rice,rice; side,rice; saffron; yogurt,,,"Salt, Fat, Acid, Heat - Nosrat",,,,image/jpeg,Image;StillImage,
dinner036,https://thebrookcook.wordpress.com/wp-content/uploads/2021/04/img_2941.jpg,Buttermilk-brined Roast Chicken,meat,whole chicken; buttermilk,,,"Salt, Fat, Acid, Heat - Nosrat",,,,image/jpeg,Image;StillImage,
dinner037,https://www.myjewishlearning.com/wp-content/uploads/2018/10/Lower-East-Side-Brunch-Tart-main.jpg,Lower East Side Tart,lunch; tart,eggs; smoked salmon; capers; red onions; cherry tomatoes; dill; heavy cream,,,Everyday Dorie - Dorie Greenspan,,,,image/jpeg,Image;StillImage,
,,,,,,,,,,,image/jpeg,Image;StillImage,
dinner039,https://thecozycook.com/wp-content/uploads/2019/09/Tuna-Noodle-Casserole-f.jpg,Tuna Noodle Casserole,casserole; fish,canned tuna; egg noodles; parsley; cream of mushroom soup; breadcrumbs,,,,,,,image/jpeg,Image;StillImage,
dinner040,"https://img.sndimg.com/food/image/upload/w_555,h_416,c_fit,fl_progressive,q_95/v1/img/recipes/48/23/7/2vukdoZGSfu6rJvPQrFd-Delicious-Perogy-Casserole.jpg",Perogi Casserole,casserole,perogis; cream of mushroom soup; bredcrumbs,,,,,,,image/jpeg,Image;StillImage,
dinner041,https://www.feastingathome.com/wp-content/uploads/2013/09/Pozole-Verde_.jpg,Chicken Pozole Verde,soup; tex-mex,chicken thighs; hominy; tomatillos; cilantro,,,,,,,image/jpeg,Image;StillImage,
dinner042,https://i0.wp.com/www.mondaynightdining.com/wp-content/uploads/2014/09/IMG_1064.jpg,Shrimp Crepes with Chile Pasilla Sauce,tex-mex,shrimp; sour cream; pasilla chiles; AP flour; tomatoes; cheddar cheese,,,The Cuisines of Mexico - Diana Kennedy,,,,image/jpeg,Image;StillImage,
dinner043,https://i0.wp.com/farm4.static.flickr.com/3415/3522157333_ae398cbd09_n.jpg,Broccoli Slaw,salad; vegetable; side,broccoli; buttermilk; red onions; dried cranberries,,,Smitten Kitchen Cookbook - Deb,,,,image/jpeg,Image;StillImage,
dinner044,https://media.wnyc.org/i/1608/1860/l/80/1/012g_Pere_9780307595652_art_r3.jpg,Big Breakfast Latkes,breakfast; lunch,eggs; AP flour; onions; potatoes,,,Smitten Kitchen Cookbook - Deb,,,,image/jpeg,Image;StillImage,
dinner045,https://ministryofcurry.com/wp-content/uploads/2023/06/chana-masala_-5.jpg,Chana Masala,stew; beans; indian; on rice,chickpeas; onions; tomatoes; cilantro,,,Serious Eats,https://www.seriouseats.com/channa-masala-recipe,,,image/jpeg,Image;StillImage,
dinner046,https://www.indianhealthyrecipes.com/wp-content/uploads/2021/07/paneer-butter-masala.jpg.webp,Butter Paneer,stew; indian; on rice,heavy cream; paneer; cilantro; tomatoes,,,Madhur Jaffrey,,,,image/jpeg,Image;StillImage,
dinner047,https://www.cookwithmanali.com/wp-content/uploads/2019/04/Restaurant-Style-Dal-Makhani.jpg,Dal Makhani,stew; indian; on rice; beans,whole urad dal; kidney beans; tomatoes; heavy cream,,,,,,,image/jpeg,Image;StillImage,
dinner048,https://thewoksoflife.com/wp-content/uploads/2022/08/hot-sour-dumpling-soup-10.jpg,Hot and Sour Dumpling Soup,soup,frozen dumplings; black vinegar; sesame seeds; green onions,,,Woks of Life,https://thewoksoflife.com/hot-sour-dumpling-soup/,,,image/jpeg,Image;StillImage,
dinner049,https://thehappyfoodie.co.uk/wp-content/uploads/2022/03/PrawnBiryani.jpg,Prawn Biryani,rice; side,basmati rice; shrimp; milk; saffron; tomatoes,,,Ammu - Asma Khan,,,,image/jpeg,Image;StillImage,
dinner050,https://omnivorescookbook.com/wp-content/uploads/2023/10/230705_Fish-Congee_2.jpg,Fish Congee,rice; soup; fish,white fish; jasmine rice; green onions; dried shitake mushrooms; chili crisp; ginger; egg,,,"Chinese-ish, adapted",https://www.booktopia.com.au/blog/2022/07/25/recipe-fish-congee-from-the-new-book-chinese-ish/,,,image/jpeg,Image;StillImage,
dinner051,https://italianfoodforever.com/wp-content/uploads/2020/06/polenta12.jpg,Cacio e Pepe Polenta,side; starch,polenta; parmesan cheese; black pepper; butter,,,Carla Lali Music,https://www.epicurious.com/recipes/food/views/polenta-cacio-e-pepe,,,image/jpeg,Image;StillImage,
dinner052,https://choosingchia.com/jessh-jessh/uploads/2020/01/dragon-bowls_.jpg,Dragon Bowls,bowl; on rice,brown rice; tofu; carrots; avocado; sprouts,,,,,,,image/jpeg,Image;StillImage,
dinner053,https://i0.wp.com/smittenkitchen.com/wp-content/uploads//2015/05/roasted-tomatoes-and-cipollini1.jpg,Roast Onions and Tomatoes,on toast; side; appetizer,cippolini onions; cherry tomatoes; basil; olive oil; balsamic vinegar; baguette,,,Smitten Kitchen Cookbook - Deb,https://smittenkitchen.com/2009/09/roasted-tomatoes-and-cipollini/,,,image/jpeg,Image;StillImage,
dinner054,https://www.seriouseats.com/thmb/RkCS7lRPi91mIRCbnaAYVD7ajYU=/750x0/filters:no_upscale():max_bytes(150000):strip_icc():format(webp)/__opt__aboutcom__coeus__resources__content_migration__serious_eats__seriouseats.com__2020__05__20200506-tuna-white-bean-salad-sasha-marx4-9f750beff5c040e59eb45beb0dbe3493.jpg,Tuna and White Bean Salad,on toast; side; appetizer; salad,ventresca tuna; white beans; red onions; garlic; parsley,,,Serious Eats,,,,image/jpeg,Image;StillImage,
dinner055,https://okonomikitchen.com/wp-content/uploads/2020/11/vegan-curry-udon-noodle-soup-1-of-1-1024x683.jpg,Curried Udon,on rice; asian; japanese,aburaage; udon noodles; carrots; green onions; onions; dashi; potatoes,,,,https://www.justonecookbook.com/curry-udon/,,,image/jpeg,Image;StillImage,
dinner056,https://britacooks.com/wp-content/uploads/2024/02/Nordic-Potato-Leek-Soup-14.jpg,Nordic Potato Leek Soup,soup,potatoes; bacon; leek; dill; yogurt,,,Tiktok,https://britacooks.com/nordic-potato-leek-soup/,,,image/jpeg,Image;StillImage,
dinner057,https://www.liveeatlearn.com/wp-content/uploads/2023/11/marry-me-chickpeas-11.jpg,Creamy Tuscan-Sauced Chickpeas,on rice; beans,chickpeas; onions; sun-dried tomatoes; heavy cream; parmesan,,,,https://www.liveeatlearn.com/marry-me-chickpeas/,,,image/jpeg,Image;StillImage,
dinner058,https://www.seriouseats.com/thmb/dkM9jDsrEIm7Uyd2Vf9XrGQ-qUM=/750x0/filters:no_upscale():max_bytes(150000):strip_icc():format(webp)/__opt__aboutcom__coeus__resources__content_migration__serious_eats__seriouseats.com__2014__03__20210322-BlackBean-Burgers-Andrew_Janjigian-18-4785208fd31e47118e2669bc7ec2aa71.jpg,Black Bean Burgers,burgers,black beans; onion; poblano peppers; panko; feta; canned chipotles; cashews; panko,,,Serious Eats,https://www.seriouseats.com/the-best-black-bean-burger-recipe,,,image/jpeg,Image;StillImage,
dinner059,https://static01.nyt.com/images/2022/03/09/dining/09Kenji-Garlic-Noodles-e-copy/merlin_202696338_41f4cf49-3706-44b8-a732-cbcfc7e955dd-articleLarge.jpg,Vietnamese-American Garlic Noodles,noodles,spaghetti; green onions; parmesan cheese; fish sauce; oyster sauce,,,Kenji,https://thebrookcook.wordpress.com/2022/06/04/vietnamese-american-garlic-noodles/,,,image/jpeg,Image;StillImage,
dinner060,https://www.seriouseats.com/thmb/e8-_XKVVfYDOoeALoAFWqFHDqkQ=/1500x0/filters:no_upscale():max_bytes(150000):strip_icc():format(webp)/20220201-the-food-labs-all-american-meatloaf-hero-1f8c1d25b5f5484fb4afca5635346aac.jpg,Classic Meatloaf,meat,buttermilk; gelatine; breadcrumbs; beef; pork; onion; carrots; celery; eggs; cheddar cheese; parsley,,,The Food Lab,https://www.seriouseats.com/the-food-lab-all-american-meatloaf-excerpt-recipe,,,image/jpeg,Image;StillImage,
dinner061,https://images.themodernproper.com/billowy-turkey/production/posts/RoastedBrusselsSproutswithSweetFishSauceDressing_6.jpg?w=600&q=82&auto=format&fit=crop&dm=1717637577&s=14d38d818ec1d1db728d2f4be2b0f058,Fish Sauce Brussels Sprouts,vegetable; side,brussels sprouts; fish sauce; shallots,,,More is More - Molly Baz,https://www.thecookingworld.com/recipes/roasted-brussel-sprouts,,,image/jpeg,Image;StillImage,
dinner062,https://www.justonecookbook.com/wp-content/uploads/2024/02/Okonomiyaki-5953-V-2.jpg,Okonomiyaki,asian; japanese,cabbage; green onions; flour; eggs; bonito; ketchup; kewpie mayo; pork belly; Worcestershire sauce,,,,https://www.justonecookbook.com/okonomiyaki/,,,image/jpeg,Image;StillImage,
dinner063,https%3A%2F%2Fcdn.sanity.io%2Fimages%2Fg1s4qnmz%2Fproduction%2Fba9d3d0d5ff9a0f9f17f8e11df7e93b7f3806a48-1000x1000.jpg,Crispy Oven Fries,side; starch,russet potatoes; peanut oil; salt,,,Ethan Chlebowski,https://www.cookwell.com/recipe/crispy-oven-fries,,,image/jpeg,Image;StillImage,
dinner064,https://images.food52.com/DOl1kSmI-97XGC5albsRnH2qbv0=/2016x1344/filters:format(webp)/03651af4-c187-4ac6-9a9d-de8454feef33--2021-0119_fish-sauce-chicken-wings-peanuts-herbs_3x2_mark-weinberg-313.jpg,Baked Fish Sauce Wings,meat,chicken wings; fish sauce; limes; cilantro; mint; peanuts,,,Food52,https://food52.com/recipes/84960-fish-sauce-chicken-wings-recipe,,,image/jpeg,Image;StillImage,
dinner065,https://wishbonekitchen.com/wp-content/uploads/2024/02/IMG_2069-copy-scaled.jpg,Pasta alla Zozzona,Pasta,pasta; guanciale; sausage; onion; egg yolks; parmesan cheese; canned tomatoes,,,,https://wishbonekitchen.com/ziti-alla-zozzona/,,,image/jpeg,Image;StillImage,
dinner066,https://www.ambitiouskitchen.com/wp-content/uploads/2020/07/vegancornchowder-594x594.jpg,"Corn, Coconut, & Potato chowder",soup,corn; coconut milk; potatoes; vegetable broth; basil; cilantro; jalapeno; lime,,,,https://www.ambitiouskitchen.com/thick-and-creamy-vegan-corn-chowder/,,,image/jpeg,Image;StillImage,
dinner067,https://i0.wp.com/kennascooks.com/wp-content/uploads/2024/06/img_7581.jpg,Street corn pasta salad,salad,corn; pasta; mayo; crema; lime; shallot; green onion; jalapeno,,,Kenna Cooks,https://kennascooks.com/street-corn-pasta-salad/,,,image/jpeg,Image;StillImage,
dinner068,https://www.eatingwell.com/thmb/jeD8DHNbWUMgI5aGwnPIw4osF_4=/750x0/filters:no_upscale():max_bytes(150000):strip_icc():format(webp)/tacosalad-3610f59203104ed9b1f262450af4bbd5.jpg,Taco salad,salad,romaine lettuce; sour cream; salsa; tofu; taco seasoning; avocado; lime; tortilla chips; tomatoes; green onions; cheese; cilantro,,,,https://sugarspunrun.com/taco-salad-recipe/#recipe,,,image/jpeg,Image;StillImage,
dinner069,https://preview.redd.it/yjyq1h2pz7h51.jpg?auto=webp&s=97faf64c5bbb734d83408bf2602dbc942b452fae,"Caramelized Onion, Gruyere, Tomato Tart ",Tart,tomatoes; onions,,,Helen Rennie,https://www.youtube.com/watch?v=zQB970WsB-Q,,,image/jpeg,Image;StillImage,
dinner070,"https://cdn.apartmenttherapy.info/image/upload/f_auto,q_auto:eco,c_fill,g_auto,w_1456,h_1092/k%2FEdit%2F2020-01-Plenty-Cookbook-Club-Recipes%2FPlenty_Black_pepper_tofu",Black Pepper Tofu,tofu; asian,tofu,,,Ottolenghi - Plenty,https://www.thekitchn.com/ottolenghi-black-pepper-tofu-22987522,,,image/jpeg,Image;StillImage,
dinner071,"https://assets.bonappetit.com/photos/59bfc7833408cb31894ae508/1:1/w_2240,c_limit/moussaka-1.jpg",Moussaka,Meat,lamb; potatoes; tomatoes; eggplant,,,Bon Appetit,https://www.bonappetit.com/recipe/moussaka,,,image/jpeg,Image;StillImage,
,,,,,,,,,,,image/jpeg,Image;StillImage,
dinner073,https://cookingmomsblog.wordpress.com/wp-content/uploads/2017/03/10_oyakodon.jpg?w=960&h=1280&crop=1,Oyakodon,Asian; Japanese,Rice; Chicken; egg,,,Morimoto Cooks,https://cookingmomsblog.wordpress.com/2017/03/02/oyakodon-from-morimoto/,,,image/jpeg,Image;StillImage,
dinner074,https://thewoksoflife.com/wp-content/uploads/2019/05/tomato-egg-11.jpg,Tomato Egg Stir Fry,Asian,Egg; Tomato; Rice,,,Woks of Life,https://thewoksoflife.com/stir-fried-tomato-and-egg/,,,image/jpeg,Image;StillImage,
dinner075,https://leitesculinaria.com/wp-content/uploads/2024/01/coq-au-vin-3.jpg,Coq au Vin,Stew,Chicken; red wine; pearl onions; mushrooms,,,Julia Child,https://leitesculinaria.com/5399/recipes-julia-child-coq-au-vin.html,,,image/jpeg,Image;StillImage,
dinner076,https://mojo.generalmills.com/api/public/content/D4Btjmb-G0y2ZdcoKNBlvA_webp_base.webp?v=b4d63c19&t=191ddcab8d1c415fa10fa00a14351227,Beef Bourguignon,Stew,Beef; red wine; pearl onions; mushrooms,,,Julia Child,https://www.tablespoon.com/recipes/julia-childs-beef-bourguignon/cdda3ccc-3623-4363-8095-aaca1a3f8313,,,image/jpeg,Image;StillImage,
dinner077,https://www.allrecipes.com/thmb/5KL64r13J8BEQtPELARfjrhsEU4=/750x0/filters:no_upscale():max_bytes(150000):strip_icc():format(webp)/233652-homemade-hamburger-buns-DDMFS-4x3-d739c2f73b7d4c3b8f68f211d193d1f5.jpg,Hamburger Buns,Bread,Flour,,,AllRecipes,https://www.allrecipes.com/recipe/233652/homemade-hamburger-buns/,,,image/jpeg,Image;StillImage,
dinner078,https://www.seriouseats.com/thmb/Dk9xogChFnEBPty1YdvB4LFIXYI=/750x0/filters:no_upscale():max_bytes(150000):strip_icc():format(webp)/20230522-SEA-NoBoilBakedZiti-Robby-Lozano01-0a4428a39bf647e9b849493ecc4852e8.jpg,Baked Ziti,Casserole; Pasta,Canned Tomatoes; Pasta; Mozzarella; Ricotta; Heavy Cream,,,Serious Eats,https://www.seriouseats.com/food-lab-no-boil-baked-ziti-recipe,,,image/jpeg,Image;StillImage,
dinner079,"https://cdn.apartmenttherapy.info/image/upload/f_auto,q_auto:eco,c_fill,g_auto,w_1456,h_1092/k%2Farchive%2F4cf919e01a008703796ce19c84b35043d78ff80d",Tomato Cobbler,Casserole,Tomatoes; Cornmeal; Cheddar cheese,,,The Kitchn,https://www.thekitchn.com/recipe-tomato-cobbler-with-cornmeal-cheddar-biscuits-206816,,,image/jpeg,Image;StillImage,
dinner080,https://www.kingarthurbaking.com/sites/default/files/styles/featured_image_2x/public/recipe_legacy/4055-3-large.jpg?itok=WUfXjDZK,Hot Buttered Pretzels,Bread,Bread Flour,,,King Arthur Flour,https://www.kingarthurbaking.com/recipes/hot-buttered-soft-pretzels-recipe,,,image/jpeg,Image;StillImage,
dinner081,https://static01.nyt.com/images/2020/01/29/dining/anniv-28THE-AM-Sat-food-Caramelized-Shallot-Pasta/anniv-28THE-AM-Sat-food-Caramelized-Shallot-Pasta-superJumbo-v2.jpg,Caramelized Shallot Pasta,Pasta,Shallots; Pasta; anchovies,,,Alison Roman,https://www.alisoneroman.com/recipes/caramelized-shallot-pasta,,,image/jpeg,Image;StillImage,
dinner082,https://www.seriouseats.com/thmb/91-Ms5jNKmKn_R-H-yFnUZS3_Gg=/750x0/filters:no_upscale():max_bytes(150000):strip_icc():format(webp)/__opt__aboutcom__coeus__resources__content_migration__serious_eats__seriouseats.com__images__2015__01__20150116-french-onion-soup-vicky-wasik-21-2c17f5f610eb4cb58db954a50229eeeb.jpg,French Onion Soup,Soup,Onions; Gruyere,,,Serious Eats,https://www.seriouseats.com/french-onion-soup-recipe,,,image/jpeg,Image;StillImage,
dinner083,https://www.seriouseats.com/thmb/PHPNEMUHjObSnuLLH_lvchyt2Bw=/750x0/filters:no_upscale():max_bytes(150000):strip_icc():format(webp)/__opt__aboutcom__coeus__resources__content_migration__serious_eats__seriouseats.com__2020__04__20200405-vodka-sauce-daniel-gritzer-33-14-8c7a6c1f212d43a8a221bc3a5a695dd6.jpg,Penne Alla Vodka,Pasta,Vodka; Canned Tomatoes; Penne,,,Serious Eats,https://www.seriouseats.com/pasta-with-vodka-sauce,,,image/jpeg,Image;StillImage,
dinner084,https://images.squarespace-cdn.com/content/v1/541b1515e4b0a990b33a796e/1634744014261-AORBDSOSUNZ0XRZC8TN8/KUGEL_0133.jpg?format=2500w,Crispy Potato Kugel,Side; starch; vegetable,Potatoes,,,Alison Roman,https://www.alisoneroman.com/recipes/crispy-potato-kugel,,,image/jpeg,Image;StillImage,
dinner085,https://mollybaz.com/wp-content/uploads/bb-plugin/cache/Screenshot-2025-05-22-at-6.39.46%E2%80%AFPM-scaled-square-56506e38fa9f9dc676ee201a21559766-53mtdrvb078u.png,Spring Caesar Pasta Salad,salad; pasta,asparagus; radish; peas; pistachios; pasta,,,Molly Baz,https://mollybaz.com/spring-caesar-pasta-salad/,"Produce
-1 bunch asparagus
-1/2 bunch radish
-1/2 cup frozen peas1 2 lbs mixed spring produce (snap peas, asparagus, radishes, fennel, celery)
-1 bunch basil, mint, tarragon, or mixed herbs
-1 garlic clove
-1 large lemons
Pantry
-8 ounces short pasta (such as paccheri or rigatoni)
-⅓ cup raw shelled unsalted pistachios, plus more for serving
-6 oil-packed anchovies
-2 tablespoons Dijon mustard
Dairy
-3 oz Parmigiano reggiano, for shaving 
Bring a large pot of well-salted water to a boil. Make sure it's salty like the sea! The veg will need it. Prepare a large bowl filled with lots of ice and cold water. Thinly slice your asparagus and snap peas (if using) on the bias. Once boiling, add the veg to the water and cook until tender, but still crisp, about 4 minutes. Use a spider or slotted spoon to remove them and transfer to the ice bath and stop the cooking. Keep them there while you prep the rest. Now add the pasta to that same pot of water. Cook the pasta according to package directions–because you will be eating this cold, I tend to cook my pasta a bit more than I would if it were being eaten hot. Al dente doesn’t always translate. Drain well and rinse under cold water to cool it off. Pat dry, and then transfer to a large bowl. Lightly drizzle with olive oil to avoid sticking. Meanwhile, thinly slice the rest of the veg you are using about ⅛” thick. Add them to the ice bath along with the blanched veg–a few minutes in here will make the vegetables suuuuper crisp and cold and crunchy. They can all hang out together while you make the pistachio caesar dressing.
Make the pistachio Caesar:
 In the bowl of a food processor, blitz ⅓ cup raw unsalted pistachios and 2 large garlic cloves until the pistachios are finely chopped. Add 6 oil-packed anchovies, 2 tablespoons Dijon mustard, leaves of 4 large sprigs of tarragon, the zest of 1 lemon, and ¼ cup fresh lemon juice (from about two lemons). Blitz again until a paste forms. Drizzle in ⅓ cup olive oil and 1 tablespoon ice water, with the motor still running, and process until a creamy thick dressing forms. If it gets too thick, you can add a teaspoon or two of ice water (from the bowl of veg!) to help thin it a bit until it’s creamy like caesar. Season the dressing with lots of salt and pepper.
Dress and serve:
Drain all of the vegetables from their ice bath and pat dry with a dry kitchen towel–the drier the better so the dressing doesn’t get watery. Transfer to the bowl with the pasta. Squeeze the remaining half a lemon over everything and season well with salt before you add the dressing–this will help ensure the vegetables are seasoned, not just dressed. Add about half of the dressing to the bowl along with a few big pinches of salt and some more black pepper. Toss very well to coat the veg. Keep adding dressing as needed (you may not need all of it) until it feels generously coated but not gloopy. Stir in 3 ounces grated parmigiano reggiano. Pick the leaves of the rest of the 3 large sprigs of tarragon. Toss everything once more. Taste. Does it need more lemon?  More salt or pepper? More cheese? Finish with more chopped pistachios and then serve promptly for optimal crispiness and snapiness!",,image/jpeg,Image;StillImage,
dinner086,https://static01.nyt.com/images/2022/09/14/dining/12challahrex1-challah-Round/12challahrex1-challah-Round-threeByTwoMediumAt2X-v3.jpg?quality=75&auto=webp,Challah Bread,bread,eggs,,,Claire Saffitz,https://cooking.nytimes.com/recipes/1023460-challah-bread,,,image/jpeg,Image;StillImage,